{
  "HTTP Request2" : {
    "transaction" : "HTTP Request2",
    "sampleCount" : 15,
    "errorCount" : 0,
    "errorPct" : 0.0,
    "meanResTime" : 1120.0666666666666,
    "medianResTime" : 1312.0,
    "minResTime" : 626.0,
    "maxResTime" : 1445.0,
    "pct1ResTime" : 1442.0,
    "pct2ResTime" : 1445.0,
    "pct3ResTime" : 1445.0,
    "throughput" : 1.4108352144469527,
    "receivedKBytesPerSec" : 7.98738478179082,
    "sentKBytesPerSec" : 0.3306645033860045
  },
  "HTTP Request1" : {
    "transaction" : "HTTP Request1",
    "sampleCount" : 15,
    "errorCount" : 0,
    "errorPct" : 0.0,
    "meanResTime" : 1115.0666666666666,
    "medianResTime" : 1146.0,
    "minResTime" : 560.0,
    "maxResTime" : 1807.0,
    "pct1ResTime" : 1688.8000000000002,
    "pct2ResTime" : 1807.0,
    "pct3ResTime" : 1807.0,
    "throughput" : 1.4330753797649756,
    "receivedKBytesPerSec" : 8.957001021066208,
    "sentKBytesPerSec" : 0.34427396818572653
  },
  "HTTP Request2-1" : {
    "transaction" : "HTTP Request2-1",
    "sampleCount" : 15,
    "errorCount" : 0,
    "errorPct" : 0.0,
    "meanResTime" : 433.9333333333334,
    "medianResTime" : 422.0,
    "minResTime" : 328.0,
    "maxResTime" : 668.0,
    "pct1ResTime" : 621.8000000000001,
    "pct2ResTime" : 668.0,
    "pct3ResTime" : 668.0,
    "throughput" : 1.4402304368698993,
    "receivedKBytesPerSec" : 7.838754200672108,
    "sentKBytesPerSec" : 0.16877700432069132
  },
  "HTTP Request3-0" : {
    "transaction" : "HTTP Request3-0",
    "sampleCount" : 15,
    "errorCount" : 0,
    "errorPct" : 0.0,
    "meanResTime" : 633.1333333333334,
    "medianResTime" : 971.0,
    "minResTime" : 213.0,
    "maxResTime" : 1053.0,
    "pct1ResTime" : 1019.4,
    "pct2ResTime" : 1053.0,
    "pct3ResTime" : 1053.0,
    "throughput" : 1.3959981386691485,
    "receivedKBytesPerSec" : 0.29855819567240577,
    "sentKBytesPerSec" : 0.1567771347138204
  },
  "HTTP Request1-1" : {
    "transaction" : "HTTP Request1-1",
    "sampleCount" : 15,
    "errorCount" : 0,
    "errorPct" : 0.0,
    "meanResTime" : 516.1333333333334,
    "medianResTime" : 499.0,
    "minResTime" : 342.0,
    "maxResTime" : 843.0,
    "pct1ResTime" : 836.4,
    "pct2ResTime" : 843.0,
    "pct3ResTime" : 843.0,
    "throughput" : 1.4757969303423848,
    "receivedKBytesPerSec" : 8.896864853896105,
    "sentKBytesPerSec" : 0.1772685765938607
  },
  "HTTP Request2-0" : {
    "transaction" : "HTTP Request2-0",
    "sampleCount" : 15,
    "errorCount" : 0,
    "errorPct" : 0.0,
    "meanResTime" : 685.6666666666667,
    "medianResTime" : 978.0,
    "minResTime" : 214.0,
    "maxResTime" : 1056.0,
    "pct1ResTime" : 1048.8,
    "pct2ResTime" : 1056.0,
    "pct3ResTime" : 1056.0,
    "throughput" : 1.4565935133035541,
    "receivedKBytesPerSec" : 0.31862983103515247,
    "sentKBytesPerSec" : 0.17069455234026024
  },
  "HTTP Request3" : {
    "transaction" : "HTTP Request3",
    "sampleCount" : 15,
    "errorCount" : 0,
    "errorPct" : 0.0,
    "meanResTime" : 1013.0,
    "medianResTime" : 1303.0,
    "minResTime" : 547.0,
    "maxResTime" : 1399.0,
    "pct1ResTime" : 1398.4,
    "pct2ResTime" : 1399.0,
    "pct3ResTime" : 1399.0,
    "throughput" : 1.3496490912362786,
    "receivedKBytesPerSec" : 4.543203532706496,
    "sentKBytesPerSec" : 0.3031438388518985
  },
  "HTTP Request1-0" : {
    "transaction" : "HTTP Request1-0",
    "sampleCount" : 15,
    "errorCount" : 0,
    "errorPct" : 0.0,
    "meanResTime" : 597.9333333333334,
    "medianResTime" : 301.0,
    "minResTime" : 215.0,
    "maxResTime" : 1048.0,
    "pct1ResTime" : 1043.2,
    "pct2ResTime" : 1048.0,
    "pct3ResTime" : 1048.0,
    "throughput" : 1.484560570071259,
    "receivedKBytesPerSec" : 0.32909692324821854,
    "sentKBytesPerSec" : 0.17832124035035632
  },
  "Total" : {
    "transaction" : "Total",
    "sampleCount" : 135,
    "errorCount" : 0,
    "errorPct" : 0.0,
    "meanResTime" : 721.577777777778,
    "medianResTime" : 591.0,
    "minResTime" : 213.0,
    "maxResTime" : 1807.0,
    "pct1ResTime" : 1382.8,
    "pct2ResTime" : 1423.9999999999998,
    "pct3ResTime" : 1736.0799999999972,
    "throughput" : 10.268502319920895,
    "receivedKBytesPerSec" : 34.8623973149768,
    "sentKBytesPerSec" : 1.5955398570015973
  },
  "HTTP Request3-1" : {
    "transaction" : "HTTP Request3-1",
    "sampleCount" : 15,
    "errorCount" : 0,
    "errorPct" : 0.0,
    "meanResTime" : 379.2666666666666,
    "medianResTime" : 365.0,
    "minResTime" : 326.0,
    "maxResTime" : 551.0,
    "pct1ResTime" : 479.6,
    "pct2ResTime" : 551.0,
    "pct3ResTime" : 551.0,
    "throughput" : 1.384019191732792,
    "receivedKBytesPerSec" : 4.362904248938919,
    "sentKBytesPerSec" : 0.1554318428215538
  }
}